{
  "device": "cuda",
  "dataset": "/home/ksante/dev/biometric/data/SOCOFing",
  "altered_level": "Altered-Easy",
  "epochs": 5,
  "quick": true,
  "architectures": [
    {
      "name": "U-Net (MobileNetV2)",
      "best_psnr": 20.629328441619872,
      "best_ssim": 0.92590172290802,
      "minutiae_recovery": 0.9826207440673882,
      "inference_ms": 6.223778970015701,
      "model_size_mb": 25.285221099853516,
      "gpu_memory_mb": 5020.78857421875,
      "train_losses": [
        0.6370641082525254,
        0.22561274468898773,
        0.1742765337228775,
        0.15347081273794175,
        0.13263456374406815
      ],
      "val_psnrs": [
        7.243416166305542,
        11.100239038467407,
        12.865378999710083,
        20.09608154296875,
        20.629328441619872
      ],
      "val_ssims": [
        0.6441035836935043,
        0.8462005257606506,
        0.8708072423934936,
        0.9262118309736251,
        0.92590172290802
      ],
      "val_recoveries": [
        1.0,
        0.9883909575971789,
        1.0,
        0.9558034890279246,
        0.9826207440673882
      ]
    },
    {
      "name": "CNN-Autoencoder",
      "best_psnr": 10.094633007049561,
      "best_ssim": 0.6653480291366577,
      "minutiae_recovery": 1.0,
      "inference_ms": 1.667747859901283,
      "model_size_mb": 4.112674713134766,
      "gpu_memory_mb": 803.673828125,
      "train_losses": [
        0.9114330530166626,
        0.7096921920776367,
        0.6713476121425629,
        0.645840460062027,
        0.6255766212940216
      ],
      "val_psnrs": [
        7.219020938873291,
        9.14099326133728,
        9.48343071937561,
        9.683137702941895,
        10.094633007049561
      ],
      "val_ssims": [
        0.5694874227046967,
        0.6364619225263596,
        0.6574921429157257,
        0.6636659979820252,
        0.6653480291366577
      ],
      "val_recoveries": [
        1.0,
        0.869278939709565,
        0.9981871345029241,
        1.0,
        1.0
      ]
    }
  ]
}