{
  "device": "cuda",
  "dataset": "/home/ksante/dev/biometric/data/SOCOFing",
  "altered_level": "Altered-Easy",
  "epochs": 5,
  "quick": true,
  "architectures": [
    {
      "name": "U-Net (MobileNetV2)",
      "best_psnr": 21.687564086914062,
      "best_ssim": 0.9174603044986724,
      "minutiae_recovery": 0.9813510428038608,
      "inference_ms": 6.107426139933523,
      "model_size_mb": 25.285221099853516,
      "gpu_memory_mb": 5020.78857421875,
      "train_losses": [
        0.5387837082147598,
        0.23365058451890947,
        0.17940447777509688,
        0.17140888422727585,
        0.154376982152462
      ],
      "val_psnrs": [
        -7.181360340118408,
        14.408125162124634,
        16.41078360080719,
        20.804653930664063,
        21.687564086914062
      ],
      "val_ssims": [
        0.39879572093486787,
        0.859579148888588,
        0.8908103048801422,
        0.9142476737499237,
        0.9174603044986724
      ],
      "val_recoveries": [
        0.27330876662069004,
        0.9022342020252381,
        0.8721662774798332,
        0.9756113748099846,
        0.9813510428038608
      ]
    },
    {
      "name": "CNN-Autoencoder",
      "best_psnr": 6.9685184240341185,
      "best_ssim": 0.5068104892969132,
      "minutiae_recovery": 1.0,
      "inference_ms": 1.6828691901173443,
      "model_size_mb": 4.112674713134766,
      "gpu_memory_mb": 803.673828125,
      "train_losses": [
        1.0110979855060578,
        0.7905282497406005,
        0.7509916663169861,
        0.7330976963043213,
        0.7276066243648529
      ],
      "val_psnrs": [
        4.932587027549744,
        6.394514727592468,
        6.8636833190917965,
        6.9506813287734985,
        6.9685184240341185
      ],
      "val_ssims": [
        0.5025586545467376,
        0.5033710658550262,
        0.5046352118253707,
        0.5062826156616211,
        0.5068104892969132
      ],
      "val_recoveries": [
        1.0,
        1.0,
        1.0,
        1.0,
        1.0
      ]
    }
  ]
}